id,gen,age,anx_total,att_total,eng_total,tut,anx1,anx2,anx3,anx4,anx5,anx6,att1,att2,att3,att4,att5
1,2,35,12.4301555073051,17.7200741053,81,2,1.294661518279,1.83129927124205,2.18723108836978,2.72970139541845,1.98496136218636,2.40230087180942,4,4,3.53058990272562,3.05199069007032,3.13749351250407
2,2,33,21.0350661406893,8.21119816209691,69,2,4.07389335269821,2.71937446057156,4.79961174687298,2.58468131393078,2.82197887378924,4.03552639282652,1.77814495836276,1.31712807576336,2.29397610197863,1.3630441167148,1.45890490927736
3,2,32,24.6121070582785,11.0663148218221,70,0,3.44757321434983,4.38927382684897,4.14918819034103,4.22258635876861,3.64932866899277,4.75415679897729,1.59355039250063,1.9635550833664,2.83473094820275,2.32730853762951,2.34716986012276
4,2,32,21.8348188135948,8.60820721522173,69,2,4.0687539941625,2.62895045472852,4.10277725043048,3.77483359943202,3.65693030933188,3.60257320550938,1.25612233455927,1.63223250999209,2.34276385762875,1.83733028458957,1.53975822845205
5,2,32,13.257486638143,10.1210613291102,65,2,2.89811342384995,1.05482408286348,3.14106907128477,1.37192273237087,1.64774522471884,3.1438121030551,1.95675079083908,1.60976455625863,2.42665392687456,2.31591325804956,1.81197879708833
6,2,32,11.6182002677446,8.56177507200762,91,2,3.22380732894509,1.34663704524924,2.32395626742856,1.6103942018112,1.27038748151698,1.84301794279353,1.18861712214296,1.73267222602507,2.71254775815511,1.5866992326638,1.34123873302068
7,1,32,18.4941111106561,10.0724739919898,65,0,3.31322027872832,2.98368623946931,4.03093550783644,1.65171080650805,2.54525109256817,3.96930718554578,1.43359691401426,2.3288396353333,2.46614051389531,2.07382672979318,1.77007019895377
8,1,37,14.0742684898254,8.99075478658421,82,2,3.47416643216518,1.81780196723382,2.12814615329223,3.08010177548984,1.14732499757018,2.42672716407411,1.82198727122485,1.74395258145647,2.15105741734533,1.52820317541698,1.74555434114058
9,1,38,13.224868926494,11.2018229570186,80,1,2.29914660844792,1.60360692192682,2.77437456760352,2.63522630372637,1.26065558630225,2.65185893848713,2.25071094612725,1.89162255560926,3.02686186426928,1.84291188774559,2.18971570326719
10,1,46,25.0605886914079,9.40174242594767,53,1,4.06362681505296,3.57076828811252,3.68046848287446,4.89323212359868,4.92612391535496,3.92636906641426,1.85171336743089,1.75142747303358,2.74433193531124,1.54429096066406,1.5099786895079
11,1,48,21.9042815305368,8.84624671389084,50,0,3.60575642825079,2.8677560367715,4.04412926876667,3.77501989562781,3.57165209720937,4.03996780391065,1.80016612252376,1.8714679079391,2.27079144120414,1.43960302420399,1.46421821801986
12,1,49,21.6579621618287,11.0015340292578,63,0,2.9118674552222,3.68570369027567,4.16680587815835,3.11236961018523,2.9180601450529,4.86315538293439,2.32902786293605,1.93039761203283,2.41577065351184,1.97025224474187,2.35608565603522
13,1,55,20.2704524143501,9.38253456381047,71,1,4.60905275973329,2.78177027521897,3.85646064627042,2.35567457869914,2.82602917795393,3.84146497647434,1.52969095706267,1.64272819053898,2.39870541294482,2.10408703993302,1.70732296333098
14,2,30,21.5758446638902,7.52828538162612,79,0,3.89589455887003,4.231092695456,4.73671521448329,2.78347624065561,1.85237569864788,4.07629025577735,1.13513242842369,1.195151265709,2.44424726235155,1.39740788511886,1.35634654002301
15,1,30,22.8912373120185,7.54986539265054,79,0,4.22215631039354,3.56475073808919,4.74960951761395,2.31723951914307,3.31655497032588,4.7209262564529,1.12328085122513,1.22378814954742,1.6912328841186,1.54012481844514,1.97143868931426
16,1,30,17.2038303643021,8.19168452696482,74,2,2.52806356161855,2.54801626317558,3.88926388350955,2.86943509978624,2.1728177160713,3.19623384014086,1.87535799735788,1.24205010284182,1.64975566250464,1.67255569913721,1.75196506512328
17,2,29,23.4977507668532,10.3874352856813,78,2,4.66258769675306,3.69478805259467,4.87562169997561,3.28810109210676,3.48962177556976,3.48703044985329,2.0301886416723,2.08930840217091,2.40363848535235,2.19036271853558,1.67393703795018
18,2,29,18.4599811661427,8.75266010934666,80,0,3.2564564663291,4.37959322355846,3.76852032180142,2.57378778594999,1.91488129240507,2.5667420760987,2.18249385582659,1.67506410823889,1.90348047402199,1.4021781037329,1.58944356752628
19,2,29,16.4720506231727,9.30269580103408,77,1,2.54704228068335,2.54152981184588,3.56602577709771,2.55797005679357,2.48107288510868,2.77840981164345,1.92336672871975,1.22088862164506,2.23054819702537,1.91545425115903,2.01243800248487
20,1,29,22.1590282938247,9.20337356794942,59,1,2.76626694749913,4.82747773526145,3.91382228826295,3.2396510931332,2.66837381059207,4.74343641907589,2.04968503240703,1.51431903947604,2.5494469479266,1.64329865438089,1.44662389375886
21,1,29,18.8307312132524,10.1034978956217,72,0,1.34339202728585,2.74947593838282,4.22805655729248,3.30920897413987,3.80459295683872,3.39600475931269,1.40532859453881,1.97503313572306,2.85958068078605,2.03368811593206,1.82986736864173
22,1,29,17.9336211406808,7.87673197483905,72,1,1.2376414552028,2.00311936576865,3.49947188379218,4.07905812260985,3.30158295384114,3.8127473594662,1.30276980441443,1.27088701596769,1.91105138612554,1.76339319366656,1.62863057466483
23,2,28,21.4120824053527,8.78128348965511,66,2,2.68512907345553,3.10217581833552,3.87583504994112,4.47129099860823,4.46737027984481,2.81028118516744,2.37513916322548,1.04287455097725,2.15481117035083,1.55900585131376,1.64945275378779
24,1,28,21.5638974875334,6.01368116933523,85,2,2.84819981220647,4.22101232096332,4.31467820694838,3.84524030648952,3.01951608714575,3.31525075378001,1.23044906008481,1.4934197101278,1,1.13897433318024,1.15083806594238
25,1,28,19.3445797761104,9.36702886580234,73,1,2.79922711169086,3.04701997877414,2.67326749930693,3.35987100288644,3.29150372732346,4.17369045612857,1.66189744818061,1.46377895092675,2.78564931904804,1.38160832944053,2.07409481820641
26,1,28,18.2466134938979,11.3735165385222,60,1,2.70015663555028,2.17436738136319,4.19898671444177,3.23076941092777,2.16546752932692,3.77686582228793,1.68745525511766,2.08827985631766,2.47109497246591,2.89854084162072,2.22814561300021
27,1,28,15.3905547225967,8.94713009786616,83,0,3.91814643785682,1.88874102812211,3.61337880955026,1.13671231341647,2.59840815583376,2.23516797781724,2.09532555424461,1.36269211872727,1.69231640937009,2.10824569977132,1.68855031575287
28,2,27,20.338897109408,10.5650909707752,58,0,3.82316784759823,3.76942379606846,2.47126335580747,3.3574536963896,3.14982034665406,3.76776806689013,2.01380101206041,1.8998593088027,2.8014580110611,1.55851051727069,2.29146212158026
29,2,27,20.0547589557048,8.90605726812284,71,0,3.19421184837844,2.870500227007,3.52431741003111,4.15259769223457,3.69687845727535,2.61625332077839,1.76141456323361,1.41220808413153,2.3910921354932,1.77063712524042,1.57070536002408
30,1,27,21.911130825536,8.33520019289086,68,2,4.4445211640355,2.9687941972293,4.52270859576713,2.97414758173671,3.72582425976775,3.27513502699962,2.05590213136476,1.02674416535191,2.12299482715801,1.49295820827113,1.63660086074505
31,1,27,21.3478259450504,9.93005030845587,85,2,2.69245240128651,2.61526494848755,3.63422257931516,4.39207280032758,4.04483114998635,3.96898206564721,1.62578127659655,2.07960860539721,2.93455821650741,1.86539676228359,1.42470544767111
32,1,27,19.1905754603539,7.75901513542897,98,1,2.84914902515342,2.74828689935868,4.26222551700043,2.45117003763236,2.05198224996614,4.82776173124289,1.42874113058331,1.50495032758381,1.82377553127312,1.53641121177892,1.46513693420981
33,1,27,19.0292264571786,7.92841513454978,83,2,4.0942760206386,2.51875572413679,3.46241877188325,2.85758934399253,3.33996941316896,2.75621718335852,1.01378699543947,1.58153608888084,1.5836031339983,2.11987247152196,1.62961644470921
34,1,27,19.0025600954992,8.66017241425264,97,2,4.28421531471852,3.39883706578286,3.06795082234778,3.32968322684917,2.34541638116442,2.57645728463646,1.73252843012674,1.42355093669793,2.18995164268771,1.47646703102067,1.83767437371959
35,1,27,18.6853073010881,7.55415568662425,72,1,4.03364828620826,2.85527098028757,3.09924400381869,3.02846498812233,2.25480399907765,3.41387504357364,1.13145876463947,1.01101954643333,2.38726287042014,1.41446951954966,1.60994498558165
36,1,27,18.2173709193106,8.62898495698105,79,1,3.39774543891707,2.55312497062229,4.38852208278777,2.19470760058632,2.04143070056445,3.64184012583269,1.37886570014571,1.29839058363245,1.89777477461132,1.80435535379919,2.24959854479237
37,1,27,17.5391406013675,7.74397455683792,74,2,3.82083976572661,2.71169051484001,3.75026607576338,2.16325383156899,1.79391814979854,3.29917226366996,1.53305787777789,1.31787838951444,1.39378519714474,1.6933894626536,1.80586362974726
38,1,27,16.541326410571,9.46446217676005,83,0,2.04277085618831,2.75904251107406,4.17722968459112,2.07024957834228,1.65764051243894,3.83439326793629,2.65820768916575,1.38037188834571,1.68281537919592,1.67438768988447,2.0686795301682
39,1,27,13.7196320117732,8.840063908532,81,2,1.38295545397708,1.47721028747795,2.55028978166332,2.02509384591172,2.48569119985154,3.79839144289158,2.17596104616833,1.72695629541034,1.74992282298013,1.1681639485158,2.01905979545739
40,2,26,23.7503058881261,7.86611589763461,71,0,4.47970260878151,2.71510025948595,4.88057148564713,3.41864239843266,3.98626304813435,4.27002608764448,1.21522983306096,1.6075825138857,2.26978974553587,1.50246008156069,1.27105372359138
41,2,26,17.9441233105007,11.9671686177698,62,2,1.64883616216085,2.56612344067965,3.47949333058752,3.14025283272878,2.96640801547527,4.14300952886859,1.83336099890518,2.06592826011512,2.6656296322949,2.7404872008484,2.66176252560623
42,2,26,17.5093871139934,10.1367063341183,71,1,3.27817763440745,3.33408576680751,3.01526686991918,2.85193981362626,2.31630101127017,2.71361601796286,1.67325409203198,1.49894129362278,2.48220535574567,2.35944019649493,2.122865396223
43,1,26,24.8792094977715,10.4928624091932,55,0,3.61852693440041,4.4322087411887,4.59781060618852,4.79110237300752,3.00990300516127,4.42965783782505,1.67355187244376,1.88060639104917,2.43437122028063,2.49836141940411,2.0059715060155
44,1,26,23.0416788769007,8.38639638325784,65,1,4.93807991028234,2.20871395383275,4.4077568828047,4.38409606625862,2.90452982181476,4.19850224190754,1.33021686589118,1.30691448808034,1.21506698825946,2.19478685651744,2.33941118450942
45,1,26,21.186882852499,10.7056147944387,60,0,2.03162282833069,3.83488014612497,3.40250301437063,4.35674069436592,2.77598641187053,4.78514975743629,2.34157324723677,2.12838164845928,2.34743656291443,1.94201873983273,1.94620459599546
46,1,26,18.7553227534009,9.00129091348414,78,1,3.65445571802592,2.9472719578812,3.70041373438885,3.33724153111902,3.38671022078066,1.72922959120527,1.99672784910158,1.45168216446102,2.57238045666437,1.73647464740596,1.24402579585121
47,1,26,18.6951307421497,9.03637594002586,63,2,1.75754053519081,4.27913337709332,3.26900579782014,2.97188634022346,2.7766198761178,3.64094481570414,1.65287282602105,1.31364679230246,1.9834936101788,1.81424751133561,2.27211520018795
48,1,26,17.9903954658927,9.85139398805142,60,0,3.09333958390786,2.30829385714548,3.21210356971428,2.97394376931049,2.61085141059986,3.79186327521477,1.60064362568699,1.99101504494196,2.75255696834486,1.82215055931622,1.68502778976139
49,1,26,17.0399678636094,10.6402761028276,76,2,3.29909759316114,2.25672324248978,2.88350079398254,2.88428500193606,2.16930064385122,3.54706058818865,2.03076171054929,1.57485975171346,2.35041760116776,2.26042694922524,2.42381009017184
50,1,26,16.5111033219597,8.05153770062745,81,1,2.25122151182124,2.02433625447411,3.50769971589399,2.14756080455835,3.38461702318487,3.19566801202719,1.37220658076951,1.24119777455132,2.21330972746194,1.74508186347017,1.47974175437451
51,1,26,13.0704028708898,9.44907499896712,82,2,1.69225498298618,1.95083468597755,2.15028763640175,1.94207577930003,1.9611640933121,3.37378569291217,2.22133904602216,1.65308142862613,2.29690762807008,1.57275561959791,1.70499127665084
52,2,25,24.2189410413577,8.03440210570024,62,0,3.70478376209323,3.2246989675861,3.91568356793632,4.50947286593269,4.05034425063095,4.81395762717841,1.36576159504727,1.1709112128246,2.13576461288008,1.63217250516972,1.72979217977856
53,2,25,20.6877294798183,8.86077417403583,73,0,4.37095100699275,2.89167839099164,4.27892084534,2.85422462581794,2.79573711140604,3.49621749926993,1.09908896266724,1.45761515074936,2.5169046478272,1.7215930802442,2.06557233254783
54,2,25,19.6237069885879,10.5095541446954,65,0,3.47530211288576,2.96503911651318,2.87155681726813,3.58342617487203,2.8426255988906,3.88575716815816,1.95960407530148,1.78822397927092,3.16489171787984,1.47004264511324,2.12679172712991
55,2,25,17.1536230430686,10.7130075602129,74,0,2.73115098621131,2.12896421738245,3.33058802251585,3.40675614504008,2.69076092714375,2.86540274477517,1.4208239096422,2.23617865996957,2.75797689407518,2.07553632176093,2.22249177476503
56,2,25,17.0037909287454,7.92202725183902,82,0,3.76720132382443,1.79922081477141,3.33076527763444,1.90589026498659,2.6236537704942,3.5770594770343,1.11092602204208,1.27189691303178,1.54395079392285,2.05295062632737,1.94230289651494
57,1,25,23.5285935048465,8.62274170883091,61,1,2.92446289511896,4.33669810135753,4.17814679029313,4.57565148107959,2.95287313721649,4.56076109978081,1.24053469119137,1.98068040533384,2.54672952119056,1.1905120716093,1.66428501950584
58,1,25,20.6096727435238,10.1973513983092,60,2,2.36228882486343,2.80205004583245,4.01113945863321,3.45110526779917,3.40115549157854,4.58193365481702,1.78356325668089,2.20604063661089,2.63270116874264,1.99575726543012,1.57928907084463
59,1,25,19.3932446495031,11.2152312889548,74,0,2.37520052534044,2.93792206063447,3.34735463945995,3.94428881633822,3.81022807918272,2.97825052854731,1.52716512493046,1.6818743070526,3.21500848349538,2.16788828664169,2.62329508683462
60,1,25,18.2588928046109,10.8053321015198,59,0,3.78146454243488,1.97539709317041,3.46458895599103,3.58981228835942,3.00928817982938,2.43834174482583,1.92042473646108,2.24053169967276,2.4634547370815,2.40901124894394,1.77190967936052
61,1,25,9.78077731599866,10.1708755089131,85,2,1,1.40603766778494,1.36747913525245,1.58434086542999,2.08052199432842,2.34239765320286,1.86950715045833,1.93898033585628,2.33711009697626,2.1885451482049,1.8367327774173
62,2,24,25.5150540105198,8.37074920754074,68,0,3.08578188553894,4.28571931160808,4.86724296122447,4.06430327700831,4.50904125774755,4.70296531739246,1.34423398899507,1.31552310847748,1.98257855013526,1.87964875733438,1.84876480259855
63,2,24,22.2679338867607,9.80202531805347,74,0,4.97112722811767,3.15775912314045,3.91585802253089,2.92435158769394,3.01927085874589,4.2795670665319,1.59438602700793,1.15843642756921,2.56763701553465,1.89245050570838,2.58911534223329
64,1,24,22.2020691063794,10.803370521467,80,1,3.49796827542772,3.02223967897231,4.55085522737046,3.40096305853733,3.89945745758095,3.83058540849062,3,3,1.5115447260983,1.54640969602296,1.74541609934576
65,2,24,21.706239783214,8.07465092239894,69,0,3.62814888125154,2.58836749191188,4.17321565083269,3.27101648056334,4.25423320664723,3.79125807200732,1.82590805621215,1.13861076168847,2.12836500118354,1.17797583256601,1.80379127074878
66,2,24,18.9628508204801,9.15302275721206,64,2,4.2200931396837,2.56822082404593,3.02475636942411,2.487943983718,2.80144817640373,3.8603883272046,1.7451399923731,1.72202769139406,2.34926628941282,2.09261498618434,1.24397379784774
67,2,24,17.3385881459681,9.88069235152602,69,1,3.17732597078049,2.1628048840397,3.34206291003022,2.56471728065496,3.02215245012433,3.06952465033836,2.60173205821385,1.91945066102714,1.89440138573415,1.86248918408883,1.60261906246206
68,1,24,23.0458524660492,8.92426412624442,67,0,4.10814739167101,3.53434375525453,4.11682926576958,4.53495692561651,3.88943033263433,2.86214479510329,1.54023401185943,2.04216978822677,2.2598741777933,1.62300841977604,1.45897772858887
69,1,24,21.397487166071,8.77163156825887,68,0,3.38695544098698,4.2815428721946,3.65835240468424,3.40195520116577,2.53870222644454,4.12997902059488,1.40631638102706,1.51409229609005,2.10525871640207,1.98635024776988,1.75961392696982
70,1,24,20.6653950690253,9.72434637384283,73,1,2.85836691038583,3.06380636304106,3.31947224761814,3.19117478141271,3.76733484586059,4.46523992070694,1.93715992491133,1.74751073818226,2.36649032209838,1.91808233912569,1.75510304952517
71,1,24,20.6126901497514,8.06638895431747,76,2,4.00581769983634,2.54553271056096,3.69221749909677,3.0936700568677,2.81684259299009,4.45860959039952,1.66567782003327,1.24160923598917,1.93961878543883,1.76529868990977,1.45418442294644
72,1,24,20.5421766567655,13.262329563606,62,1,3.75665695729051,2.23715493822243,3.39715992285126,3.33874282554966,3.72606870152556,4.08639331132606,2.23679774685227,2.36258442206021,3.64040719703009,2.62638089456246,2.39615930310093
73,1,24,19.8535944979597,8.71194664322751,70,2,3.36454228746364,2.66088692826082,3.06326457236909,3.53456607779557,3.40266979813609,3.82766483393449,1.83108861850849,1.60425817832565,1.90615742154662,1.93942654556982,1.43101587927693
74,1,24,19.5838544434113,8.33736321594349,74,0,1.63495883538039,2.8128057209795,4.76483301009857,2.93266765788517,3.28223495671464,4.15635426235307,1.73181138919894,1.15463828622232,1.85263623663234,1.52150313552863,2.07677416836126
75,1,24,19.3830751395337,7.20921785214837,77,0,3.4153666018004,2.98201933546245,3.68017836813864,2.75016692929503,2.43577558768646,4.11956831715075,1.62282155176066,1.0782445003332,1.716679838327,1.79064312560782,1.00082883611969
76,1,24,18.3469968146472,7.12018197718315,76,2,2.90709347752851,2.59500861835409,3.4500231138636,3.42000041479632,2.35884858155179,3.61602260855288,1.88167471062357,1.32091224064301,1.70763997109738,1.05118982031429,1.1587652345049
77,1,24,17.9145787080637,8.16838591770716,84,2,3.81151062935499,1.28885396707831,3.67868710632355,2.38915516483176,2.93596533228506,3.81040650819001,1.65904271910942,1.4065289973715,2.05445608089665,1.65808814217247,1.39026997815711
78,1,24,17.6210335648932,12.438702532531,69,2,1.20755985000018,2.31340335105426,3.90472545377197,4.10299984251092,2.82239803984876,3.26994702770711,2.06501977851866,2.1076362006928,3.69081878740138,2.15770517473613,2.41752259118204
79,1,24,16.7856565006439,8.93516923212782,83,0,3.24111399599556,2.36521661802217,3.3842500215001,1.79015561272467,2.48755339585682,3.51736685654453,2.21990194545199,1.21795575460958,2.18677467604283,1.59556579183951,1.71497106418393
80,1,24,16.298524909457,10.0269277214823,66,2,3.49497687394439,2.96281387147787,3.50622129440639,1.41068005575982,1.86035666870082,3.06347614516768,2.34501656942511,1.45576192548676,2.70101441492192,1.58975350800143,1.93538130364709
81,1,24,15.7727783016418,9.79433314775244,83,1,2.99267491709557,1.7022051182509,2.91162200383363,2.34490060025118,3.99816944297104,1.82320621923953,2.05014162686113,1.51720761808523,2.21142278899354,1.84249560282754,2.173065510985
82,1,24,13.3636037844002,8.58823643344278,100,2,3.32377698698211,1.24163225207638,2.15148140086478,2.38953696199813,1.64258595212375,2.61459023035501,2.02581452282885,1.11001777526646,1.64308686936158,1.67051840552048,2.13879886046541
83,2,23,21.5428572906,9.8279553483355,68,0,3.99898425288887,3.01586552737184,4.46828982927398,3.12798305694764,2.164050329624,4.76768429449363,1.04769643465713,2.33934246331365,2.69591032549949,1.48717431785417,2.25783180701105
84,2,23,20.6266013330673,9.47136521902773,73,2,1.69258282334604,3.46917613546124,3.98242468341247,4.18282843806996,3.08215159467306,4.21743765810453,1.97317045705278,1.26015070488013,2.19134691733417,1.98093604253408,2.06576109722657
85,2,23,20.0394714487739,7.56973577845469,87,1,4.70993588007385,3.83073917914386,2.73011794476465,2.16812623607125,2.12343821878156,4.47711398993871,1.81193714141269,1.32932877008034,2.02357453592168,1.04398067895447,1.36091465208551
86,2,23,16.4907872932741,7.8170526953192,90,1,4.41586231408133,2.46189122881082,2.65662742247124,2.7365323316937,1.68601320625559,2.53386078996146,1.52022348261636,1.48680298172438,1.65922162191893,1.77294078409406,1.37786382496547
87,2,23,14.5301732032313,11.2880511189703,95,2,3.43322773619624,1.71838052945289,3.17073594576943,1.46197163355693,1.6110173405203,3.13484001773552,1.35854762196288,2.06541302303282,3.41938577112328,2.52293133601036,1.921773366841
88,1,23,22.4440337851411,8.23606165964427,62,0,2.34467739607969,3.981903284108,4.58356670183024,3.88520273709909,3.42275583425154,4.22592783177249,2.10670269110793,1.2389061956307,1.87501477199099,1.46356613175163,1.55187186916303
89,1,23,21.813028655439,7.96384294033455,71,1,3.12705921103383,2.39967271677283,4.01930839109794,3.71144693637996,4.73324128322145,3.82230011693301,1.66397053924639,1.4569474066684,1.92231322302964,1.62952887835144,1.29108289303868
90,1,23,20.5752303251017,9.92891578309532,76,0,3.11113016305054,3.52060584735465,4.35212899472745,2.94341492299237,2.74336841694601,3.90458198003068,1.50367043825926,2.04795980345472,2.39729178178611,2.40527176580661,1.57472199378862
91,1,23,19.2880235067362,9.74202067211524,74,2,3.43552570272467,2.9949077368053,3.15857842576841,3.28982350374268,2.67086804305161,3.7383200946435,2.72672164490879,1.61997578530711,2.3079289443548,1.62542421950881,1.46197007803573
92,1,23,14.1188395015237,9.61312477483304,68,2,2.19313741283337,2.05095011348852,3.66547307032375,1.89606649252025,1.3709047692757,2.94230764308213,2.24684648047793,1.54070225327609,2.13754759527903,1.62090849544746,2.06711995035253
93,2,22,21.8205007369516,8.57466906986719,76,1,4.65117798342571,3.3873143127924,3.69482476304591,3.13414608049475,2.95766594816542,3.99537164902745,1.8483725824203,1.22972373481843,1.94061208884708,1.91598522753507,1.63997543624631
94,2,22,21.0660756876777,9.32801026405074,77,0,2.70209184214267,2.84285673428741,3.2906606889918,4.62751446070898,4.25282765921015,3.35012430233669,2.08635769254994,1.70188516496434,2.3579355121209,1.5126654122241,1.66916648219147
95,2,22,21.0480322107,10.9579153912891,64,1,3.31028040324929,3.80832253966029,3.85605773179459,3.3228103738305,2.37463370035706,4.37592746180823,1.60869211922548,1.5521816114993,2.71289835540364,2.45307177361321,2.63107153154744
96,2,22,20.1240085692666,8.76800289888397,81,0,2.86773582416372,1.75869710458618,3.80832013735666,3.86769479655406,4.00391270423535,3.81764800237062,1.4414842793257,1.73851932663865,2.46871614683399,1.53541611482467,1.58386703126096
97,2,22,24.6000772280686,9.37329356399587,70,1,4.74159235706273,3.39300717809522,4.4509390279134,4.53658920369866,2.86143874209361,4.61651071920496,1.49774389780344,1.41024775551734,2.36005379969046,2.0096793315605,2.09556877942413
98,1,22,23.0785340547529,8.43030352824469,84,1,4.16484075776653,3.67494466007765,3.56832547354141,4.35010027886634,3.25630092167818,4.06402196282273,1.60129880046485,1.14015178423047,1.71728224638765,2.05345937108366,1.91811132607806
99,1,22,21.5807900945956,9.42418362109838,76,1,2.73048012526403,3.72190231552762,4.55163481740529,3.31021125478028,3.50159647155276,3.76496511006564,1.82697372932667,1.34308578766694,2.16565222297857,1.86189448830674,2.22657739281946
100,1,22,20.4522019206855,8.80300565468261,82,0,3.62464220166719,1.91690829512694,4.11108116656459,3.42392673286373,3.38820951542715,3.98743400903585,2.00552505994642,1.14213000108069,2.08505565723378,1.87352799131525,1.69676694510648
101,1,22,19.6063904090056,7.18306292545504,74,0,3.33950510338339,1.74610425116701,3.78691842640871,3.83752265344849,3.84862878855348,3.04771118604452,1.60192591858179,1.44463288883094,1.74260366072794,1.22795106652008,1.1659493907943
102,1,22,18.999075133063,10.4254932479219,66,2,3.49727213021657,1.94429576305186,4.1590272293214,3.38913774007241,2.99569874846232,3.01364352193848,2.40387943299465,1.80547854816032,2.51777009104634,1.8722252738447,1.82613990187591
103,1,22,18.6233586162807,7.95324024152739,89,2,4.10517406124973,2.63341147265083,2.91675903618366,2.72128964001925,2.75163879784217,3.49508560833504,1.45281502571195,1.27837128082941,2.24251392067184,1.38447544787693,1.59506456643726
104,1,22,17.2868665485149,9.06846254007555,78,2,1.91277842279865,2.2545507340744,1.97513944351861,3.96732537339579,3.16027956228228,4.01679301244519,1.67470738798423,1.63197111890662,2.41810392483972,1.89285168913491,1.45082841921008
105,2,21,24.4821922413571,8.35593766776092,79,1,4.37466167220344,4.1522398893766,4.64345524477773,3.47189007596357,4.09845439994575,3.74149095908999,1.52138304618395,1.59908539594286,2.21740437409854,1.54809338948719,1.46997146204839
106,2,21,22.976744822383,8.63073474241844,68,1,4.5017427576146,3.25993927440028,4.40565905995965,4.01349338597758,2.7650752075329,4.03083513689803,2.29050990710219,1.53419823168955,1.91290473818465,1.64561233146299,1.24750953397907
107,2,21,22.357649641941,8.47253291878406,93,2,3.05015891337565,3.27209590737206,4.71620231293862,3.33199224996917,3.6390424521453,4.34815780614023,1.55165365345761,1.10234234302256,2.47976404255269,1.48844631733159,1.85032656241962
108,2,21,20.8125254138561,13.8002152574673,58,1,4.14232360611866,2.99918651708424,3.85335361520461,4.20569831326988,2.57152599212758,3.04043737005113,2.51129317568092,2.33290771950224,2.97345835230733,3.00730403778926,2.97525197218753
109,2,21,19.7797549237252,7.87075646875735,74,0,3.46248319473898,1.73956279072803,3.71632935313332,4.03465419857046,3.05915333429114,3.76757205226327,1.3904996141477,1.18296885550689,1.74776941983995,2.0320055093722,1.51751306989062
110,2,21,17.9285227472271,7.84919692599257,77,0,2.36554586237323,2.47764064326209,3.3131304503659,2.31570411656621,3.39913582003826,4.05736585462139,1.5348446913643,1.21441007900762,2.01037840881034,1.56162256656537,1.52794118024494
111,2,21,17.8920682214885,8.58349984927164,82,1,1.58801221280015,2.95198210746693,3.19659054711089,3.39062161097539,3.35720628908026,3.40765545405489,1.77225132707357,1.54780196604739,2.31559480399856,1.61489922093762,1.3329525312145
112,2,21,16.2466181012154,7.94825464146036,90,2,3.68475499813343,1.88490855646549,2.51604240021363,2.56529291237755,2.88995790177188,2.7056613322534,1.44587437294195,1.06554743036266,2.48169248708731,1.33347042213762,1.62166992893082
113,1,21,22.7572540764535,8.57874210498819,67,0,4.35528620133876,2.96412486060693,4.72527071868672,3.20913992292433,3.55696929787022,3.94646307502653,1.43535458547808,1.34202919702533,2.24267593360003,1.69158583176858,1.86709655711616
114,1,21,22.067626247638,9.73591071222479,69,0,3.79118892072448,2.91547835164533,4.34639896549687,3.45591895377268,3.94593811253093,3.61270294346771,2.22196812511025,1.58630474618565,1.80446540408934,2.06900386131094,2.0541685755286
115,1,21,20.8737024178311,7.85827990556445,73,1,2.26460714665195,3.22925736086641,3.37118139537781,4.56633759626316,3.70435557804672,3.73796334062506,1.0879717942147,1.04364026119994,2.46484012799944,1.59846754468759,1.66336017746278
116,1,21,20.1193547388154,10.4894326038438,75,1,3.35213701719789,3.53581709235647,3.09944512188773,4.29397276909149,3.26999118178395,2.5679915564979,2.19496340804297,2.13380675549795,2.83847633718393,1.94857240847251,1.37361369464641
117,1,21,20.0972544362365,9.82735205270596,78,2,4.20832548888302,2.57813672752664,3.18707496260752,3.56818881905403,3.76763145050854,2.78789698765679,1.21129595509524,1.39875840186279,2.41032613774157,2.56258483940455,2.24438671860182
118,1,21,19.8633135953043,10.4847123780633,73,2,4.24101403767289,2.44027178602871,3.38825434797887,3.83043277546517,2.67180077073972,3.29153987741896,1.90966321156452,1.50544554186582,2.75904250602453,1.96729677961032,2.34326433899811
119,1,21,18.0342578612604,8.62065860637385,77,1,2.2945845010691,2.11472686990863,3.91175413412893,3.77168258964539,3.02532792607683,2.9161818404315,1.42431003777758,1.03371201652368,2.07783630506195,2.54593100733477,1.53886923967586
120,2,20,24.6053948948321,8.91901960260477,68,0,4.11598329524188,3.40835484939742,4.36713125614991,4.58732543396161,3.76942057251087,4.35717948757042,2.68414270107527,1.45454186257142,2.10707577258247,1.54796766602225,1.12529160035337
121,1,20,24.7931187133109,7.06046594041969,64,1,3.78497236581927,4.20271003158254,3.99840405370961,4.31761648417375,3.64570274317666,4.84371303484905,1.66628708308535,1.25262878549964,1.86379801968969,1.1419749161517,1.13577713599331
122,1,20,23.7634741636783,7.4352514710553,82,1,4.07486809135114,3.37220995333748,3.52817931776698,4.26694754429154,3.84920193651455,4.67206732041657,1.0790461688572,1.70931353354998,2.11234665763985,1.4830589916776,1.05148611933068
123,1,20,23.4905211057799,9.87677280543513,66,1,3.69361022799734,2.75633270073801,4.98843411829,4.08240204168323,2.98675777858619,4.98298423848515,2.15959796306478,1.90213788454376,2.90431284727393,1.39834600252291,1.51237810802974
124,1,20,21.0963901488623,7.57364095776113,88,2,4.94187610603408,4.07369742924054,3.29638736689046,3.33487777254976,2.06730817240398,3.38224330174353,1.37122693182645,1.15367243753437,2.04498891740927,1.30970062838017,1.69405204261087
125,1,20,20.5745612544374,7.30202688158253,81,2,3.9709570009285,1.75381168723422,3.25195009675312,4.16231338373184,3.71720520343242,3.71832388235733,1.51185667750565,1.1518489475853,1.28201443651623,1.82195739839279,1.53434942158256
126,1,20,20.3185434981813,8.35479518634832,74,2,3.89197173360391,2.33553233079328,3.38317635727903,3.64295571094968,2.90745467812396,4.15745268743146,2.16999408544566,1.2535040249254,2.14492576269273,1.45820753632391,1.32816377696063
127,1,20,20.3010767167308,10.2019499695517,67,1,3.95310336692295,3.38066798540136,3.78515118902083,3.3149248401136,2.42304417432743,3.44418516094459,1.84982578903695,2.14336187996555,2.2823252055151,1.97726289798232,1.94917419705181
128,1,20,19.7661969211836,6.85788048838851,76,0,4.35580364231435,1.80323061796514,3.75247406040087,2.96128652869343,3.30100500951481,3.59239706229502,1.17997713628728,1.34196857492118,2.05482267117856,1.24478874895569,1.0363233570458
129,1,20,18.8492385386511,9.45519064401468,73,1,4.5920891723412,1.48269766500591,3.54346940871041,3.39126924332765,2.75870816331777,3.08100488594819,1.34118653914485,2.03318979319687,2.27451856338588,1.71816718432899,2.0881285639581
130,1,20,18.1693536389408,9.73554435724571,89,2,2.89840849288643,2.9100625915861,3.25967755131697,2.65994576019821,2.3923634780934,4.04889576485966,1.49603296190216,1.71707526118079,2.51185138712858,2.29527699250571,1.71530775452848
131,2,19,23.4639447622331,9.41647183349232,55,1,4.52241060075806,2.67048272598845,4.54392357927669,3.08873814840584,4.21268714605674,4.42570256174736,1.81123853739393,1.53018057064519,2.7384027920621,1.92409466769443,1.41255526569667
132,2,19,21.0342836968027,10.8827694130668,77,1,3.20725864261966,3.4960364578321,2.98509119186043,3.45213074960799,3.34913729417759,4.54462936070491,1.71362082049569,2.18117358613325,2.7617187403998,2.36940007698293,1.85685618905511
133,2,19,17.9540338424572,9.41529336334859,93,1,3.44136126238466,1.72453771121649,2.72046356198955,3.61226645525006,2.97698070861919,3.47842414299725,1.97541741956627,1.33964780767886,2.35882645893721,2.00764090276834,1.73376077439791
134,2,19,15.2997156698315,9.24505479812618,82,2,3.05236463298502,2.04170056642255,2.62366277629978,3.06311778120396,2.11220379448562,2.40666611843456,2.47262641517463,1.64044727910087,2.49536753906586,1.40621357429122,1.23039999049361
135,2,19,13.3392820616669,9.84462343438296,78,2,3.46742678655295,1.46604006205729,3.18104114090013,1.24747245949888,2.34954327654522,1.62775833611238,1.57177805163601,1.7433703227503,2.42044807908204,2.32699275886383,1.78203422205078
136,1,19,27.1528223988408,9.73346369760406,63,1,5,4.48157544940357,4.77408325674743,4.15888834875949,4.11346685882177,4.62480848510856,1.74937121860548,1.34808494666472,3.0355715408546,1.82311842250104,1.77731756897821
137,1,19,24.8368580042277,11.3986082333914,71,0,4.50911308106192,3.29590591745583,4.74235675770615,4.24965055379884,3.34399603744536,4.69583565675959,2.48984549606584,2.01968685979589,2.65235275544892,1.90258316325874,2.33413995882201
138,1,19,23.557097736634,8.27939778324519,88,0,4.99126606342373,4.18249869729245,3.56702596131372,3.53071882666867,3.79316633791258,3.4924218500229,2.30061484531223,1.20136529422087,2.60957707128585,1.04582417542028,1.12201639700595
139,1,19,23.0759570673179,14.5677908241253,59,0,4.02466596416286,3.164564241384,4.67392947084134,3.69828607209398,3.53381628981223,3.98069502902346,2.71995400692504,2.09820844439308,3.71576355248103,3.02185908837072,3.0120057319554
140,1,19,22.2028235064317,7.74186221285231,77,1,4.62466142721194,3.39769707184951,3.97215222149822,3.44922837828525,2.29048728146774,4.46859712611906,1.83208279631836,1.86500530424012,1.9483349500297,1.05169922317839,1.04473993908574
141,1,19,21.7952662765096,7.95408292667241,87,1,2.71126643399855,4.31816309321155,4.56862834961753,3.18925437610801,2.69293802655092,4.31501599702307,1.2659416532273,1.3995689707266,2.19024215648883,1.81336393418779,1.28496621204189
142,1,19,21.5868015181991,9.44404863782088,77,1,4.05224272110058,3.89783446637227,3.44980302034362,3.17060147033479,2.35309964202622,4.66322019802163,1.64721024465145,1.87752426005893,2.3501233971383,1.9763428943337,1.5928478416385
143,1,19,19.207469321458,13.1916696083646,69,0,2.99815727585122,2.60473076877737,2.82606215653164,3.58726562870493,3.71905338936189,3.47220010223099,1.78167070029134,2.44209915788881,3.16866295738744,3.09256668883396,2.70667010396309
144,1,25,18.5818462144152,9.28159945033045,70,0,4.21382785655099,3.27619177176594,3.29827742433428,2.86962153908784,1.69947363776042,3.22445398491575,2.6630740137152,1.49395991300121,2.03310276040514,1.41843283354999,1.67302992965892
145,1,19,16.8882355701779,7.94133838811463,83,2,3.79960467207828,1.11419802791008,2.83375749383005,3.07082381799284,2.76772894232316,3.30212261604352,1.82077612103027,1.40199208112048,1.964161915941,1.40641257487997,1.34799569514291
146,1,19,16.5333980253006,9.28711596914811,77,2,3.07165441853299,1.31417741531431,3.31180219591966,4.24307487601796,2.04324292011296,2.54944619940269,1.51692024883109,1.85893475653405,1.85295885094916,1.99528629049397,2.06301582233984
147,1,19,14.9433168005056,12.0002192600122,79,2,1.70834451053182,2.29512330831088,2.46844007511353,2.5342727212876,2.35248200128307,3.58465418397873,2.32329877632682,2.08302303832862,2.7611888679153,2.32845002522412,2.50425855221731
148,1,19,14.1752313960809,9.3919826535704,67,2,2.76410450457285,2.46870781574839,2.23408352920831,1.82959185277697,2.18795542497719,2.69078826879713,2.06356416558468,1.34257870006812,2.23517081340998,1.84622424052793,1.90444473397969
149,1,19,21.8534336811527,10.0859488579039,81,2,4,4,3,2.85343368115273,4,4,1.98529999654975,1.42515229172618,2.18467359486558,2.23939225277818,2.25143072198424
150,2,18,19.1810720061575,9.36743883507409,81,1,2.8884702605841,2.86983538559698,3.81954889545488,3.22529420325197,3.31067919451592,3.06724406675362,1.85682426162475,1.60306405105444,2.61250792977536,1.84189658068771,1.45314601193183
151,2,18,18.3619392499941,7.96271501545495,74,0,3.65327129248398,1.18546917571212,2.8192321504054,3.78376891424465,4.06000074583379,2.86019697131418,1.38459285483609,1.64811443549342,2.1354780754827,1.33819671863915,1.45633293100359
152,1,18,26.3368043680056,8.37573590424983,81,1,3.84157359254277,4.13075367713732,4.40494265179506,4.98655455681139,3.99207361911043,4.98090627060867,1.4872620345684,1.00489717275277,2.06437339250436,1.79491543262742,2.02428787179689
153,1,18,23.1721502579585,9.46503106469981,73,1,3.80882098025182,2.78713716725619,3.88033292981972,4.29400347783429,4.22791015317472,4.17394554962172,2.19378327796579,1.61000568210384,2.3276050328958,1.31930048423605,2.01433658749833
154,1,18,22.1352040874941,7.79427431744002,84,0,2.32718666808982,2.88628147819582,4.87415355099357,3.88559960118825,3.73345278690487,4.42853000212175,1.76262199083907,1.14639485304746,2.32504992058977,1.33913012646974,1.22107742649398
155,1,18,22.038387484441,12.2016620070802,68,1,4.09941613943535,3.69282592125855,3.36691337267326,2.94572414244687,4.2943922786628,3.63911562996415,2.96773999612232,1.99541734234691,3.19974751345003,1.87376285810248,2.16499429705845
156,1,18,21.9056462622722,9.78742278308638,72,0,3.33462291855254,3.91128281117656,4.78399829815581,2.46820174341523,2.89862188191256,4.50891860905947,2.1005115679577,1.70109774274601,2.48920023448695,1.52649656246005,1.97011667543566
157,1,18,21.2522236128306,8.49698866871447,84,0,3.07211801236488,3.69137606445843,3.92231677187495,4.51049215310434,1.81206621263707,4.24385439839094,1.70183245159878,1.54854198861904,2.04720572197468,1.41334849489102,1.78606001163095
158,1,18,20.7693268703021,9.0876037039365,70,2,3.42353198914357,4.79549800143358,3.28503535876246,4.07059194380525,1.62573546061781,3.56893411653947,1.91579245047429,1.65817588943561,2.19850156986886,1.47340200182758,1.84173179233017
159,1,18,18.6263894186713,8.52075790167724,95,1,2.42540537495759,2.1781277591278,2.97643142621336,3.53779558985848,3.68643120160482,3.82219806690926,1.81610808758815,1.92811678647971,2.04415096335094,1.53639228594307,1.19598977831538
